<?xml version="1.0" encoding="utf-8"?>
<!DOCTYPE install SYSTEM "http://dev.joomla.org/xml/1.5/module-install.dtd">
<install type="module" version="1.5.0">
	<name>VirtueMart Top Ten Products</name>
	<creationDate>February 2008</creationDate>
	<author>The VirtueMart Development Team</author>
	<authorEmail>soeren|at|virtuemart.net</authorEmail>
	<authorUrl>http://www.virtuemart.net</authorUrl>
	<copyright>
		Copyright (C) 2004-2008 Soeren Eberhardt-Biermann. All rights
		reserved.
	</copyright>
	<license>http://www.gnu.org/licenses/gpl-2.0.html GNU/GPL</license>
	<version>1.1.0</version>
	<description>Shows the best selling products from VirtueMart.</description>
	<files>
		<filename module="mod_virtuemart_topten">mod_virtuemart_topten.php</filename>
	</files>
	<params>
		<param name="num_topsellers" type="text" default="10"
			label="Number of displayed products"
			description="This defines the number of products which will be displayed in the module." />
		<param name="cache" type="radio" default="0"
			label="Enable Cache"
			description="Select whether to cache the content of this module">
			<option value="0">No</option>
			<option value="1">Yes</option>
		</param>
		<param name="moduleclass_sfx" type="text" default=""
			label="Module Class Suffix"
			description="A suffix to be applied to the css class of the module (table.moduletable), this allows individual module styling" />
		<param name="class_sfx" type="text" default=""
			label="Menu Class Suffix"
			description="A suffix to be applied to the css class of the menu items" />
	</params>
</install>
