<?xml version="1.0" encoding="utf-8"?>
<install type="module" version="1.5.0">
<name>Images Slider  Module V2</name>
<author>Dmitry Ryshkin</author>
<creationDate>3/23/08</creationDate>
<license></license>
<authorEmail>ryshkin@gmail.com</authorEmail>
<authorUrl>www.youjoomla.com</authorUrl>
<version>2.0</version>
<description>
<![CDATA[
<style type="text/css" media="all">
<!--
.container {padding:0px 0px 4px 0px;}
h1 {clear:both;margin:0px 0px 12px 0px;padding:0px 0px 1px 0px;color:#C64934;font-size:17px;border-bottom:1px dotted #505050;}
.title {margin:4px 0px;font-size:12px;font-weight:bold;}
.tabbertab {background:#fff;}
.red {color:#C64934;}
-->

</style>
<div class="container">
  <h1>
    Images Slider  Module V2
  </h1>
</div>

<div>
<font color="#cc00cc">
<strong>
  After installation of a module make following steps:
</strong>
</font></div>
<div>&nbsp;</div>
<ul>
<li>
<strong>Step 1 - Use Media Manager for creation of a folder <font color="#cc00cc">upload_slides</font> </strong>
<br>
<img  src="../modules/mod_image_slider/img/step1.JPG" border="0" alt="Step 1" />
<br>
</li>
<li>
<strong>Step 2 - Use Media Manager for loading your images in folder <font color="#cc00cc">upload_slides</font> </strong>
<br>
<img  src="../modules/mod_image_slider/img/step2.JPG" border="0" alt="Step 2" />
</li>

</ul>
<div>&nbsp;</div>
]]>

</description>
	<files>
	   <filename module="mod_image_slider">mod_image_slider.php</filename>
           <filename>mod_image_slider.css</filename>
           <filename>slide.js</filename>
		   <filename>img/bubble2.png</filename>
           <filename>img/t1.gif</filename>
           <filename>img/t2.gif</filename>
           <filename>img/t3.gif</filename>
           <filename>img/play.gif</filename>
           <filename>img/pause.gif</filename>
           <filename>img/next.gif</filename>
           <filename>img/prev.gif</filename>
           <filename>img/step1.JPG</filename>
           <filename>img/step2.JPG</filename>
	</files>
        <params>
            <param name="Module options" type="spacer"/>
            <param name="moduleclass_sfx" type="text" default="fns_" label="CSS-suffix class of the module" description="Suffix which will be used in description of class of style (CSS) of the module. It allows to use individual style of the module." />

            <param name="swidth" type="text" default="300" label="Slide width (px):" description="Slide width (px)" />
            <param name="sheight" type="text" default="800" label="Slide height (px):" description="Slide height (px)" />
       		<param name="sorient" type="list" default="0" label="Slide orientation" description="Slide orientation">
			  <option value="0">vertical</option>
			  <option value="1">horizontal</option>
		    </param>
       		<param name="type_slider" type="list" default="0" label="Type slider" description="Type slider">
			  <option value="0">fade</option>
			  <option value="1">scroll</option>
 			  <option value="2">scrollfade</option>
		    </param>
       		<param name="start_slide" type="list" default="0" label="Start slide on page load" description="Start slide on page load">
			  <option value="0">yes</option>
			  <option value="1">no</option>
		    </param>

            <param name="stime" type="text" default="6000" label="Slide time:" description="Slide time" />
            <param name="sduration" type="text" default="600" label="Duration slide:" description="Duration slide" />
       		<param name="smenu" type="list" default="0" label="Show slide navigation options" description="Show slide navigation options">
			  <option value="0">yes</option>
			  <option value="1">no</option>
		    </param>

       		<param name="balons" type="list" default="0" label="Show slide tool tip" description="Show slide tool tip">
			  <option value="0">yes</option>
			  <option value="1">no</option>
		    </param>
        

            <param name="Slide ¹1 options" type="spacer"/>
            <param name="slide_title_1" type="text" default="Slide name ¹1" label="Slide title ¹1" description="Slide title ¹1" />
			<param name="slide_description_1" type="text" default="Slide Description ¹1" label="Slide description ¹1" description="Slide description ¹1" />
            <param name="slide_image_1" type="imagelist"  directory="/images/upload_slides"  hide_default="0" default="" label="Select slide image ¹1 from 'upload_slides'" description="Select slide image ¹1 from 'upload_slides'" />
            <param name="slide_link_1" type="text" default="" label="Slide link ¹1" description="Slide link ¹1" />
            <param name="slide_open_1" type="list" default="0" label="Open link" description="Open link in new window or same page">
			  <option value="0">in new window</option>
			  <option value="1">in same page</option>
		    </param>

            <param name="Slide ¹2 options" type="spacer"/>
            <param name="slide_title_2" type="text" default="Slide name ¹2" label="Slide title ¹2" description="Slide title ¹2" />
			<param name="slide_description_2" type="text" default="Slide Description ¹2" label="Slide description ¹2" description="Slide description ¹2" />
            <param name="slide_image_2" type="imagelist"  directory="/images/upload_slides"  hide_default="0" default="" label="Select slide image ¹2 from 'upload_slides'" description="Select slide image ¹2 from 'upload_slides'" />
            <param name="slide_link_2" type="text" default="" label="Slide link ¹2" description="Slide link ¹2" />
            <param name="slide_open_2" type="list" default="0" label="Open link" description="Open link in new window or same page">
			  <option value="0">in new window</option>
			  <option value="1">in same page</option>
		    </param>

            <param name="Slide ¹3 options" type="spacer"/>
            <param name="slide_title_3" type="text" default="Slide name ¹3" label="Slide title ¹3" description="Slide title ¹3" />
			<param name="slide_description_3" type="text" default="Slide Description ¹3" label="Slide description ¹3" description="Slide description ¹3" />
            <param name="slide_image_3" type="imagelist"  directory="/images/upload_slides"  hide_default="0" default="" label="Select slide image ¹3 from 'upload_slides'" description="Select slide image ¹3 from 'upload_slides'" />
            <param name="slide_link_3" type="text" default="" label="Slide link ¹3" description="Slide link ¹3" />
            <param name="slide_open_3" type="list" default="0" label="Open link" description="Open link in new window or same page">
			  <option value="0">in new window</option>
			  <option value="1">in same page</option>
		    </param>

            <param name="Slide ¹4 options" type="spacer"/>
            <param name="slide_title_4" type="text" default="Slide name ¹4" label="Slide title ¹4" description="Slide title ¹4" />
			<param name="slide_description_4" type="text" default="Slide Description ¹4" label="Slide description ¹4" description="Slide description ¹4" />
            <param name="slide_image_4" type="imagelist"  directory="/images/upload_slides"  hide_default="0" default="" label="Select slide image ¹4 from 'upload_slides'" description="Select slide image ¹4 from 'upload_slides'" />
            <param name="slide_link_4" type="text" default="" label="Slide link ¹4" description="Slide link ¹4" />
            <param name="slide_open_4" type="list" default="0" label="Open link" description="Open link in new window or same page">
			  <option value="0">in new window</option>
			  <option value="1">in same page</option>
		    </param>

            <param name="Slide ¹5 options" type="spacer"/>
            <param name="slide_title_5" type="text" default="Slide name ¹5" label="Slide title ¹5" description="Slide title ¹5" />
			<param name="slide_description_5" type="text" default="Slide Description ¹5" label="Slide description ¹5" description="Slide description ¹5" />
            <param name="slide_image_5" type="imagelist"  directory="/images/upload_slides"  hide_default="0" default="" label="Select slide image ¹5 from 'upload_slides'" description="Select slide image ¹5 from 'upload_slides'" />
            <param name="slide_link_5" type="text" default="" label="Slide link ¹5" description="Slide link ¹5" />
            <param name="slide_open_5" type="list" default="0" label="Open link" description="Open link in new window or same page">
			  <option value="0">in new window</option>
			  <option value="1">in same page</option>
		    </param>

            <param name="Slide ¹6 options" type="spacer"/>
            <param name="slide_title_6" type="text" default="Slide name ¹6" label="Slide title ¹6" description="Slide title ¹6" />
			<param name="slide_description_6" type="text" default="Slide Description ¹6" label="Slide description ¹6" description="Slide description ¹6" />
            <param name="slide_image_6" type="imagelist"  directory="/images/upload_slides"  hide_default="0" default="" label="Select slide image ¹6 from 'upload_slides'" description="Select slide image ¹6 from 'upload_slides'" />
            <param name="slide_link_6" type="text" default="" label="Slide link ¹6" description="Slide link ¹6" />
            <param name="slide_open_6" type="list" default="0" label="Open link" description="Open link in new window or same page">
			  <option value="0">in new window</option>
			  <option value="1">in same page</option>
		    </param>

            <param name="Slide ¹7 options" type="spacer"/>
            <param name="slide_title_7" type="text" default="Slide name ¹7" label="Slide title ¹7" description="Slide title ¹7" />
			<param name="slide_description_7" type="text" default="Slide Description ¹7" label="Slide description ¹7" description="Slide description ¹7" />
            <param name="slide_image_7" type="imagelist"  directory="/images/upload_slides"  hide_default="0" default="" label="Select slide image ¹7 from 'upload_slides'" description="Select slide image ¹7 from 'upload_slides'" />
            <param name="slide_link_7" type="text" default="" label="Slide link ¹7" description="Slide link ¹7" />
            <param name="slide_open_7" type="list" default="0" label="Open link" description="Open link in new window or same page">
			  <option value="0">in new window</option>
			  <option value="1">in same page</option>
		    </param>

            <param name="Slide ¹8 options" type="spacer"/>
            <param name="slide_title_8" type="text" default="Slide name ¹8" label="Slide title ¹8" description="Slide title ¹8" />
			<param name="slide_description_8" type="text" default="Slide Description ¹8" label="Slide description ¹8" description="Slide description ¹8" />
            <param name="slide_image_8" type="imagelist"  directory="/images/upload_slides"  hide_default="0" default="" label="Select slide image ¹8 from 'upload_slides'" description="Select slide image ¹8 from 'upload_slides'" />
            <param name="slide_link_8" type="text" default="" label="Slide link ¹8" description="Slide link ¹8" />
            <param name="slide_open_8" type="list" default="0" label="Open link" description="Open link in new window or same page">
			  <option value="0">in new window</option>
			  <option value="1">in same page</option>
		    </param>

            <param name="Slide ¹9 options" type="spacer"/>
            <param name="slide_title_9" type="text" default="Slide name ¹9" label="Slide title ¹9" description="Slide title ¹9" />
			<param name="slide_description_9" type="text" default="Slide Description ¹9" label="Slide description ¹9" description="Slide description ¹9" />
            <param name="slide_image_9" type="imagelist"  directory="/images/upload_slides"  hide_default="0" default="" label="Select slide image ¹9 from 'upload_slides'" description="Select slide image ¹9 from 'upload_slides'" />
            <param name="slide_link_9" type="text" default="" label="Slide link ¹9" description="Slide link ¹9" />
            <param name="slide_open_9" type="list" default="0" label="Open link" description="Open link in new window or same page">
			  <option value="0">in new window</option>
			  <option value="1">in same page</option>
		    </param>

            <param name="Slide ¹10 options" type="spacer"/>
            <param name="slide_title_10" type="text" default="Slide name ¹10" label="Slide title ¹10" description="Slide title ¹10" />
			<param name="slide_description_10" type="text" default="Slide Description ¹10" label="Slide description ¹10" description="Slide description ¹10" />
            <param name="slide_image_10" type="imagelist"  directory="/images/upload_slides"  hide_default="0" default="" label="Select slide image ¹10 from 'upload_slides'" description="Select slide image ¹10 from 'upload_slides'" />
            <param name="slide_link_10" type="text" default="" label="Slide link ¹10" description="Slide link ¹10" />
            <param name="slide_open_10" type="list" default="0" label="Open link" description="Open link in new window or same page">
			  <option value="0">in new window</option>
			  <option value="1">in same page</option>
		    </param>


        </params>
</install>
